"","Lap..","Timestamp..s."
"98","1",78633.116
"99","1",78634
"100","1",78635
"101","1",78636
"102","1",78637
"103","1",78638
"104","1",78639
"105","1",78640
"106","1",78641
"107","1",78642
"108","1",78643
"109","1",78644
"110","1",78645
"111","1",78646
"112","1",78647
"113","1",78648
"114","1",78649
"115","1",78650
"116","1",78651
"117","1",78652
"118","1",78653
"119","1",78654
"120","1",78655
"121","1",78656
"122","1",78657
"123","1",78658
"124","1",78659
"125","1",78660
"126","1",78661
"127","1",78662
"128","1",78663
"129","1",78664
"130","1",78665
"131","1",78666
"132","1",78667
"133","1",78668
"134","1",78669
"135","1",78670
"136","1",78671
"137","1",78672
"138","1",78673
"139","1",78674
"140","1",78675
"141","1",78676
"142","1",78677
"143","1",78678
"144","1",78679
"145","1",78680
"146","1",78681
"147","1",78682
"148","1",78683
"149","1",78684
"150","1",78685
"151","1",78686
"152","1",78687
"153","1",78687.598
"154","1",78688
"155","1",78689
"156","1",78690
"157","1",78691
"158","1",78692
"159","1",78693
"160","1",78694
"161","1",78695
"162","1",78696
"163","1",78697
"164","1",78698
"165","1",78699
"166","1",78700
"167","1",78701
"168","1",78702
"169","1",78703
"170","1",78704
"171","1",78705
"172","1",78706
"173","1",78707
"174","1",78708
"175","1",78709
"176","1",78710
"177","1",78711
"178","1",78712
"179","1",78713
"180","1",78714
"181","1",78715
"182","1",78716
"183","1",78717
"184","1",78718
"185","1",78719
"186","1",78720
"187","1",78721
"188","1",78722
"189","1",78723
"190","1",78724
"191","1",78724.156
"192","1",78725
"193","1",78726
"194","1",78727
"195","1",78728
"196","1",78729
"197","1",78730
"198","1",78731
"199","1",78732
"200","1",78733
"201","1",78734
"202","1",78735
"203","1",78736
"204","1",78737
"205","1",78738
"206","1",78739
"207","1",78740
"208","1",78741
"209","1",78742
"210","1",78743
"211","1",78744
"212","1",78745
"213","1",78746
"214","1",78747
"215","1",78748
"216","1",78749
"217","2",78749.37
"218","2",78750
"219","2",78751
"220","2",78752
"221","2",78753
"222","2",78754
"223","2",78755
"224","2",78756
"225","2",78757
"226","2",78758
"227","2",78759
"228","2",78760
"229","2",78761
"230","2",78762
"231","2",78763
"232","2",78764
"233","2",78765
"234","2",78766
"235","2",78767
"236","2",78768
"237","2",78769
"238","2",78770
"239","2",78771
"240","2",78772
"241","2",78773
"242","2",78774
"243","2",78775
"244","2",78776
"245","2",78777
"246","2",78778
"247","2",78779
"248","2",78780
"249","2",78781
"250","2",78782
"251","2",78783
"252","2",78784
"253","2",78785
"254","2",78786
"255","2",78787
"256","2",78787.354
"257","2",78788
"258","2",78789
"259","2",78790
"260","2",78791
"261","2",78792
"262","2",78793
"263","2",78794
"264","2",78795
"265","2",78796
"266","2",78797
"267","2",78798
"268","2",78799
"269","2",78800
"270","2",78801
"271","2",78802
"272","2",78803
"273","2",78804
"274","2",78805
"275","2",78806
"276","2",78807
"277","2",78808
"278","2",78809
"279","2",78810
"280","2",78811
"281","2",78812
"282","2",78813
"283","2",78814
"284","2",78815
"285","2",78816
"286","2",78817
"287","2",78818
"288","2",78819
"289","2",78820
"290","2",78821
"291","2",78822
"292","2",78822.9
"293","2",78823
"294","2",78824
"295","2",78825
"296","2",78826
"297","2",78827
"298","2",78828
"299","2",78829
"300","2",78830
"301","2",78831
"302","2",78832
"303","2",78833
"304","2",78834
"305","2",78835
"306","2",78836
"307","2",78837
"308","2",78838
"309","2",78839
"310","2",78840
"311","2",78841
"312","2",78842
"313","2",78843
"314","2",78844
"315","2",78845
"316","2",78846
"317","2",78847
"318","2",78848
"319","2",78849
"320","2",78850
"321","2",78851
"322","2",78852
"323","3",78852.671
"324","3",78853
"325","3",78854
"326","3",78855
"327","3",78856
"328","3",78857
"329","3",78858
"330","3",78859
"331","3",78860
"332","3",78861
"333","3",78862
"334","3",78863
"335","3",78864
"336","3",78865
"337","3",78866
"338","3",78867
"339","3",78868
"340","3",78869
"341","3",78870
"342","3",78871
"343","3",78872
"344","3",78873
"345","3",78874
"346","3",78875
"347","3",78876
"348","3",78877
"349","3",78878
"350","3",78879
"351","3",78880
"352","3",78881
"353","3",78882
"354","3",78883
"355","3",78884
"356","3",78885
"357","3",78886
"358","3",78887
"359","3",78888
"360","3",78889
"361","3",78890
"362","3",78891
"363","3",78892
"364","3",78892.912
"365","3",78893
"366","3",78894
"367","3",78895
"368","3",78896
"369","3",78897
"370","3",78898
"371","3",78899
"372","3",78900
"373","3",78901
"374","3",78902
"375","3",78903
"376","3",78904
"377","3",78905
"378","3",78906
"379","3",78907
"380","3",78908
"381","3",78909
"382","3",78910
"383","3",78911
"384","3",78912
"385","3",78913
"386","3",78914
"387","3",78915
"388","3",78916
"389","3",78917
"390","3",78918
"391","3",78919
"392","3",78920
"393","3",78921
"394","3",78922
"395","3",78923
"396","3",78924
"397","3",78925
"398","3",78926
"399","3",78927
"400","3",78928
"401","3",78929
"402","3",78929.18
"403","3",78930
"404","3",78931
"405","3",78932
"406","3",78933
"407","3",78934
"408","3",78935
"409","3",78936
"410","3",78937
"411","3",78938
"412","3",78939
"413","3",78940
"414","3",78941
"415","3",78942
"416","3",78943
"417","3",78944
"418","3",78945
"419","3",78946
"420","3",78947
"421","3",78948
"422","3",78949
"423","3",78950
"424","3",78951
"425","3",78952
"426","3",78953
"427","3",78954
"428","4",78954.295
"429","4",78955
"430","4",78956
"431","4",78957
"432","4",78958
"433","4",78959
"434","4",78960
"435","4",78961
"436","4",78962
"437","4",78963
"438","4",78964
"439","4",78965
"440","4",78966
"441","4",78967
"442","4",78968
"443","4",78969
"444","4",78970
"445","4",78971
"446","4",78972
"447","4",78973
"448","4",78974
"449","4",78975
"450","4",78976
"451","4",78977
"452","4",78978
"453","4",78979
"454","4",78980
"455","4",78981
"456","4",78982
"457","4",78983
"458","4",78984
"459","4",78985
"460","4",78986
"461","4",78987
"462","4",78988
"463","4",78989
"464","4",78990
"465","4",78991
"466","4",78992
"467","4",78993
"468","4",78993.774
"469","4",78994
"470","4",78995
"471","4",78996
"472","4",78997
"473","4",78998
"474","4",78999
"475","4",79000
"476","4",79001
"477","4",79002
"478","4",79003
"479","4",79004
"480","4",79005
"481","4",79006
"482","4",79007
"483","4",79008
"484","4",79009
"485","4",79010
"486","4",79011
"487","4",79012
"488","4",79013
"489","4",79014
"490","4",79015
"491","4",79016
"492","4",79017
"493","4",79018
"494","4",79019
"495","4",79020
"496","4",79021
"497","4",79022
"498","4",79023
"499","4",79024
"500","4",79025
"501","4",79026
"502","4",79026.273
"503","4",79027
"504","4",79028
"505","4",79029
"506","4",79030
"507","4",79031
"508","4",79032
"509","4",79033
"510","4",79034
"511","4",79035
"512","4",79036
"513","4",79037
"514","4",79038
"515","4",79039
"516","4",79040
"517","4",79041
"518","4",79042
"519","4",79043
"520","4",79044
"521","4",79045
"522","4",79046
"523","4",79047
"524","4",79048
"525","4",79049
"526","4",79050
"527","4",79051
"528","4",79052
"529","5",79052.838
"530","5",79053
"531","5",79054
"532","5",79055
"533","5",79056
"534","5",79057
"535","5",79058
"536","5",79059
"537","5",79060
"538","5",79061
"539","5",79062
"540","5",79063
"541","5",79064
"542","5",79065
"543","5",79066
"544","5",79067
"545","5",79068
"546","5",79069
"547","5",79070
"548","5",79071
"549","5",79072
"550","5",79073
"551","5",79074
"552","5",79075
"553","5",79076
"554","5",79077
"555","5",79078
"556","5",79079
"557","5",79080
"558","5",79081
"559","5",79082
"560","5",79083
"561","5",79084
"562","5",79085
"563","5",79086
"564","5",79087
"565","5",79088
"566","5",79089
"567","5",79090
"568","5",79091
"569","5",79091.787
"570","5",79092
"571","5",79093
"572","5",79094
"573","5",79095
"574","5",79096
"575","5",79097
"576","5",79098
"577","5",79099
"578","5",79100
"579","5",79101
"580","5",79102
"581","5",79103
"582","5",79104
"583","5",79105
"584","5",79106
"585","5",79107
"586","5",79108
"587","5",79109
"588","5",79110
"589","5",79111
"590","5",79112
"591","5",79113
"592","5",79114
"593","5",79115
"594","5",79116
"595","5",79117
"596","5",79118
"597","5",79119
"598","5",79120
"599","5",79121
"600","5",79122
"601","5",79123
"602","5",79124
"603","5",79124.896
"604","5",79125
"605","5",79126
"606","5",79127
"607","5",79128
"608","5",79129
"609","5",79130
"610","5",79131
"611","5",79132
"612","5",79133
"613","5",79134
"614","5",79135
"615","5",79136
"616","5",79137
"617","5",79138
"618","5",79139
"619","5",79140
"620","5",79141
"621","5",79142
"622","5",79143
"623","5",79144
"624","5",79145
"625","5",79146
"626","5",79147
"627","5",79148
"628","5",79149
"629","5",79150
"630","6",79150.574
"631","6",79151
"632","6",79152
"633","6",79153
"634","6",79154
"635","6",79155
"636","6",79156
"637","6",79157
"638","6",79158
"639","6",79159
"640","6",79160
"641","6",79161
"642","6",79162
"643","6",79163
"644","6",79164
"645","6",79165
"646","6",79166
"647","6",79167
"648","6",79168
"649","6",79169
"650","6",79170
"651","6",79171
"652","6",79172
"653","6",79173
"654","6",79174
"655","6",79175
"656","6",79176
"657","6",79177
"658","6",79178
"659","6",79179
"660","6",79180
"661","6",79181
"662","6",79182
"663","6",79183
"664","6",79184
"665","6",79185
"666","6",79186
"667","6",79187
"668","6",79188
"669","6",79188.269
"670","6",79189
"671","6",79190
"672","6",79191
"673","6",79192
"674","6",79193
"675","6",79194
"676","6",79195
"677","6",79196
"678","6",79197
"679","6",79198
"680","6",79199
"681","6",79200
"682","6",79201
"683","6",79202
"684","6",79203
"685","6",79204
"686","6",79205
"687","6",79206
"688","6",79207
"689","6",79208
"690","6",79209
"691","6",79210
"692","6",79211
"693","6",79212
"694","6",79213
"695","6",79214
"696","6",79215
"697","6",79216
"698","6",79217
"699","6",79218
"700","6",79219
"701","6",79220
"702","6",79221
"703","6",79221.599
"704","6",79222
"705","6",79223
"706","6",79224
"707","6",79225
"708","6",79226
"709","6",79227
"710","6",79228
"711","6",79229
"712","6",79230
"713","6",79231
"714","6",79232
"715","6",79233
"716","6",79234
"717","6",79235
"718","6",79236
"719","6",79237
"720","6",79238
"721","6",79239
"722","6",79240
"723","6",79241
"724","6",79242
"725","6",79243
"726","6",79244
"727","7",79244.945
"728","7",79245
"729","7",79246
"730","7",79247
"731","7",79248
"732","7",79249
"733","7",79250
"734","7",79251
"735","7",79252
"736","7",79253
"737","7",79254
"738","7",79255
"739","7",79256
"740","7",79257
"741","7",79258
"742","7",79259
"743","7",79260
"744","7",79261
"745","7",79262
"746","7",79263
"747","7",79264
"748","7",79265
"749","7",79266
"750","7",79267
"751","7",79268
"752","7",79269
"753","7",79270
"754","7",79271
"755","7",79272
"756","7",79273
"757","7",79274
"758","7",79275
"759","7",79276
"760","7",79277
"761","7",79278
"762","7",79279
"763","7",79280
"764","7",79281
"765","7",79282
"766","7",79282.181
"767","7",79283
"768","7",79284
"769","7",79285
"770","7",79286
"771","7",79287
"772","7",79288
"773","7",79289
"774","7",79290
"775","7",79291
"776","7",79292
"777","7",79293
"778","7",79294
"779","7",79295
"780","7",79296
"781","7",79297
"782","7",79298
"783","7",79299
"784","7",79300
"785","7",79301
"786","7",79302
"787","7",79303
"788","7",79304
"789","7",79305
"790","7",79306
"791","7",79307
"792","7",79308
"793","7",79309
"794","7",79310
"795","7",79311
"796","7",79312
"797","7",79313
"798","7",79314
"799","7",79315
"800","7",79315.538
"801","7",79316
"802","7",79317
"803","7",79318
"804","7",79319
"805","7",79320
"806","7",79321
"807","7",79322
"808","7",79323
"809","7",79324
"810","7",79325
"811","7",79326
"812","7",79327
"813","7",79328
"814","7",79329
"815","7",79330
"816","7",79331
"817","7",79332
"818","7",79333
"819","7",79334
"820","7",79335
"821","7",79336
"822","7",79337
"823","7",79338
"824","8",79338.648
"825","8",79339
"826","8",79340
"827","8",79341
"828","8",79342
"829","8",79343
"830","8",79344
"831","8",79345
"832","8",79346
"833","8",79347
"834","8",79348
"835","8",79349
"836","8",79350
"837","8",79351
"838","8",79352
"839","8",79353
"840","8",79354
"841","8",79355
"842","8",79356
"843","8",79357
"844","8",79358
"845","8",79359
"846","8",79360
"847","8",79361
"848","8",79362
"849","8",79363
"850","8",79364
"851","8",79365
"852","8",79366
"853","8",79367
"854","8",79368
"855","8",79369
"856","8",79370
"857","8",79371
"858","8",79372
"859","8",79373
"860","8",79374
"861","8",79375
"862","8",79376
"863","8",79377
"864","8",79377.939
"865","8",79378
"866","8",79379
"867","8",79380
"868","8",79381
"869","8",79382
"870","8",79383
"871","8",79384
"872","8",79385
"873","8",79386
"874","8",79387
"875","8",79388
"876","8",79389
"877","8",79390
"878","8",79391
"879","8",79392
"880","8",79393
"881","8",79394
"882","8",79395
"883","8",79396
"884","8",79397
"885","8",79398
"886","8",79399
"887","8",79400
"888","8",79401
"889","8",79402
"890","8",79403
"891","8",79404
"892","8",79405
"893","8",79406
"894","8",79407
"895","8",79408
"896","8",79409
"897","8",79410
"898","8",79411
"899","8",79411.403
"900","8",79412
"901","8",79413
"902","8",79414
"903","8",79415
"904","8",79416
"905","8",79417
"906","8",79418
"907","8",79419
"908","8",79420
"909","8",79421
"910","8",79422
"911","8",79423
"912","8",79424
"913","8",79425
"914","8",79426
"915","8",79427
"916","8",79428
"917","8",79429
"918","8",79430
"919","8",79431
"920","8",79432
"921","8",79433
"922","9",79433.832
"923","9",79434
"924","9",79435
"925","9",79436
"926","9",79437
"927","9",79438
"928","9",79439
"929","9",79440
"930","9",79441
"931","9",79442
"932","9",79443
"933","9",79444
"934","9",79445
"935","9",79446
"936","9",79447
"937","9",79448
"938","9",79449
"939","9",79450
"940","9",79451
"941","9",79452
"942","9",79453
"943","9",79454
"944","9",79457
"945","9",79458
"946","9",79459
"947","9",79460
"948","9",79461
"949","9",79462
"950","9",79463
"951","9",79464
"952","9",79465
"953","9",79466
"954","9",79467
"955","9",79468
"956","9",79469
"957","9",79470
"958","9",79471
"959","9",79471.064
"960","9",79472
"961","9",79473
"962","9",79474
"963","9",79475
"964","9",79476
"965","9",79477
"966","9",79478
"967","9",79479
"968","9",79480
"969","9",79481
"970","9",79482
"971","9",79483
"972","9",79484
"973","9",79485
"974","9",79486
"975","9",79487
"976","9",79488
"977","9",79489
"978","9",79490
"979","9",79491
"980","9",79492
"981","9",79493
"982","9",79494
"983","9",79495
"984","9",79496
"985","9",79497
"986","9",79498
"987","9",79499
"988","9",79500
"989","9",79501
"990","9",79502
"991","9",79503
"992","9",79504
"993","9",79504.389
"994","9",79505
"995","9",79506
"996","9",79507
"997","9",79508
"998","9",79509
"999","9",79510
"1000","9",79511
"1001","9",79512
"1002","9",79513
"1003","9",79514
"1004","9",79515
"1005","9",79516
"1006","9",79517
"1007","9",79518
"1008","9",79519
"1009","9",79520
"1010","9",79521
"1011","9",79522
"1012","9",79523
"1013","9",79524
"1014","9",79525
"1015","9",79526
"1016","9",79527
"1017","9",79528
"1018","10",79528.206
"1019","10",79529
"1020","10",79530
"1021","10",79531
"1022","10",79532
"1023","10",79533
"1024","10",79534
"1025","10",79535
"1026","10",79536
"1027","10",79537
"1028","10",79538
"1029","10",79539
"1030","10",79540
"1031","10",79541
"1032","10",79542
"1033","10",79543
"1034","10",79544
"1035","10",79545
"1036","10",79546
"1037","10",79547
"1038","10",79548
"1039","10",79549
"1040","10",79550
"1041","10",79551
"1042","10",79552
"1043","10",79553
"1044","10",79554
"1045","10",79555
"1046","10",79556
"1047","10",79557
"1048","10",79558
"1049","10",79559
"1050","10",79560
"1051","10",79561
"1052","10",79562
"1053","10",79563
"1054","10",79564
"1055","10",79565
"1056","10",79566
"1057","10",79567
"1058","10",79568
"1059","10",79569
"1060","10",79570
"1061","10",79571
"1062","10",79571.366
"1063","10",79572
"1064","10",79573
"1065","10",79574
"1066","10",79575
"1067","10",79576
"1068","10",79577
"1069","10",79578
"1070","10",79579
"1071","10",79580
"1072","10",79581
"1073","10",79582
"1074","10",79583
"1075","10",79584
"1076","10",79585
"1077","10",79586
"1078","10",79587
"1079","10",79588
"1080","10",79589
"1081","10",79590
"1082","10",79591
"1083","10",79592
"1084","10",79593
"1085","10",79594
"1086","10",79595
"1087","10",79596
"1088","10",79597
"1089","10",79598
"1090","10",79599
"1091","10",79600
"1092","10",79601
"1093","10",79602
"1094","10",79603
"1095","10",79604
"1096","10",79605
"1097","10",79606
"1098","10",79606.659
"1099","10",79607
"1100","10",79608
"1101","10",79609
"1102","10",79610
"1103","10",79611
"1104","10",79612
"1105","10",79613
"1106","10",79614
"1107","10",79615
"1108","10",79616
"1109","10",79617
"1110","10",79618
"1111","10",79619
"1112","10",79620
"1113","10",79621
"1114","10",79622
"1115","10",79623
"1116","10",79624
"1117","10",79625
"1118","10",79626
"1119","10",79627
"1120","10",79628
"1121","10",79629
"1122","10",79630
"1123","10",79631
"1124","10",79632
"1125","10",79633
"1126","10",79634
"1127","10",79635
"1128","10",79636
"1129","10",79637
"1130","10",79638
"1131","10",79639
"1132","10",79640
"1133","10",79641
"1134","10",79642
"1135","10",79643
"1136","10",79644
"1137","10",79645
"1138","10",79646
"1139","10",79647
"1140","10",79648
"1141","10",79649
"1142","10",79650
"1143","10",79651
"1144","10",79652
"1145","10",79653
"1146","10",79654
"1147","10",79655
"1148","10",79656
"1149","10",79657
"1150","10",79658
"1151","10",79659
"1152","10",79660
"1153","10",79661
"1154","10",79662
"1155","10",79663
"1156","10",79664
"1157","10",79665
"1158","10",79666
"1159","10",79667
"1160","10",79668
"1161","10",79669
"1162","10",79670
"1163","10",79671
"1164","10",79672
"1165","10",79673
"1166","10",79674
"1167","10",79675
"1168","10",79676
"1169","10",79677
"1170","10",79678
"1171","10",79679
"1172","10",79680
"1173","10",79681
"1174","10",79682
"1175","10",79683
"1176","10",79684
"1177","10",79685
"1178","10",79686
"1179","10",79687
"1180","10",79688
"1181","10",79689
"1182","10",79690
"1183","10",79691
"1184","10",79692
"1185","10",79693
"1186","10",79694
"1187","10",79695
"1188","10",79696
"1189","10",79697
"1190","10",79698
"1191","10",79699
"1192","10",79700
"1193","10",79701
"1194","10",79702
"1195","10",79703
"1196","10",79704
"1197","10",79705
"1198","10",79706
"1199","10",79707
"1200","10",79708
"1201","10",79709
"1202","10",79710
"1203","10",79711
"1204","10",79712
"1205","10",79713
"1206","10",79714
"1207","10",79715
"1208","10",79716
"1209","10",79717
"1210","10",79718
"1211","10",79719
"1212","10",79720
"1213","10",79721
"1214","10",79722
"1215","10",79723
"1216","10",79724
"1217","10",79725
"1218","10",79726
"1219","10",79727
"1220","10",79728
"1221","10",79729
"1222","10",79730
"1223","10",79731
"1224","10",79732
"1225","10",79733
"1226","10",79734
"1227","10",79735
"1228","10",79736
"1229","10",79737
"1230","10",79738
"1231","10",79739
"1232","10",79740
"1233","10",79741
"1234","10",79742
"1235","10",79743
"1236","10",79744
"1237","10",79745
"1238","10",79746
"1239","10",79747
"1240","10",79748
"1241","10",79749
"1242","10",79750
"1243","10",79751
"1244","10",79752
"1245","10",79753
"1246","10",79754
"1247","10",79755
"1248","10",79756
"1249","10",79757
"1250","10",79758
"1251","10",79759
"1252","10",79760
"1253","10",79761
"1254","10",79762
"1255","10",79763
"1256","10",79764
"1257","10",79765
"1258","10",79766
"1259","10",79767
"1260","10",79768
"1261","10",79769
"1262","10",79770
"1263","10",79771
"1264","10",79772
"1265","10",79773
"1266","10",79774
"1267","10",79775
"1268","10",79776
"1269","10",79777
"1270","10",79778
"1271","10",79779
"1272","10",79780
"1273","10",79781
"1274","10",79782
"1275","10",79783
"1276","10",79784
"1277","10",79785
"1278","10",79786
"1279","10",79787
"1280","10",79788
"1281","10",79789
"1282","10",79790
"1283","10",79791
"1284","10",79792
"1285","10",79793
"1286","10",79794
"1287","10",79795
"1288","10",79796
"1289","10",79797
"1290","10",79798
"1291","10",79799
"1292","10",79800
"1293","10",79801
"1294","10",79802
"1295","10",79803
"1296","10",79804
"1297","10",79805
"1298","10",79806
"1299","10",79807
"1300","10",79808
"1301","10",79809
"1302","10",79810
"1303","10",79811
"1304","10",79812
"1305","10",79813
"1306","10",79814
"1307","10",79815
"1308","10",79816
"1309","10",79817
"1310","10",79818
"1311","10",79819
"1312","10",79820
"1313","10",79821
"1314","10",79822
"1315","10",79823
"1316","10",79824
"1317","10",79827
"1318","10",79828
"1319","10",79829
"1320","10",79830
"1321","10",79831
"1322","10",79832
"1323","10",79833
"1324","10",79834
"1325","10",79835
"1326","10",79836
"1327","10",79837
"1328","10",79838
"1329","10",79839
"1330","10",79840
"1331","10",79841
"1332","10",79842
"1333","10",79843
"1334","10",79844
"1335","10",79845
"1336","10",79846
"1337","10",79847
"1338","10",79848
"1339","10",79849
"1340","10",79850
"1341","10",79851
"1342","10",79852
"1343","10",79853
"1344","10",79854
"1345","10",79855
"1346","10",79856
"1347","10",79857
"1348","10",79858
"1349","10",79859
"1350","10",79860
"1351","10",79861
"1352","10",79862
"1353","10",79863
"1354","10",79864
"1355","10",79865
"1356","10",79866
"1357","10",79867
"1358","10",79868
"1359","10",79869
"1360","10",79870
"1361","10",79871
"1362","10",79872
"1363","10",79873
"1364","10",79874
"1365","10",79875
"1366","10",79876
"1367","10",79877
"1368","10",79878
"1369","10",79879
"1370","10",79880
"1371","10",79881
"1372","10",79882
"1373","10",79883
"1374","10",79884
"1375","10",79885
"1376","10",79886
"1377","10",79887
"1378","10",79888
"1379","10",79889
"1380","10",79890
"1381","10",79891
"1382","10",79892
"1383","10",79893
"1384","10",79894
"1385","10",79895
"1386","10",79896
"1387","10",79897
"1388","10",79898
"1389","10",79899
"1390","10",79900
"1391","10",79901
"1392","10",79902
"1393","10",79903
"1394","10",79904
"1395","10",79905
"1396","10",79906
"1397","10",79907
"1398","10",79908
"1399","10",79909
"1400","10",79910
"1401","10",79911
"1402","10",79912
"1403","10",79913
"1404","10",79914
"1405","10",79915
"1406","10",79916
"1407","10",79917
"1408","10",79918
"1409","10",79919
"1410","10",79920
"1411","10",79921
"1412","10",79922
"1413","10",79923
"1414","10",79924
"1415","10",79925
"1416","10",79926
"1417","10",79927
"1418","10",79928
"1419","10",79929
"1420","10",79930
"1421","10",79931
"1422","10",79932
"1423","10",79933
"1424","10",79934
"1425","10",79935
"1426","10",79936
"1427","10",79937
"1428","10",79938
"1429","10",79939
"1430","10",79940
"1431","10",79941
"1432","10",79942
"1433","10",79943
"1434","10",79944
"1435","10",79945
"1436","10",79946
"1437","10",79947
"1438","10",79948
"1439","10",79949
"1440","10",79950
"1441","10",79951
"1442","10",79952
"1443","10",79953
"1444","10",79954
"1445","10",79955
"1446","10",79956
"1447","10",79957
"1448","10",79958
"1449","10",79959
"1450","10",79960
"1451","10",79961
"1452","10",79962
"1453","10",79963
"1454","10",79964
"1455","10",79965
"1456","10",79966
"1457","10",79967
"1458","10",79968
"1459","10",79969
"1460","10",79970
"1461","10",79971
"1462","10",79972
"1463","10",79973
"1464","10",79974
"1465","10",79975
"1466","10",79976
"1467","10",79977
"1468","10",79978
"1469","10",79979
"1470","10",79980
"1471","10",79981
"1472","10",79982
"1473","10",79983
"1474","10",79984
"1475","10",79985
"1476","10",79986
"1477","10",79987
"1478","10",79988
"1479","10",79989
"1480","10",79990
"1481","10",79991
"1482","10",79992
"1483","10",79993
"1484","10",79994
"1485","10",79995
"1486","10",79996
"1487","10",79997
"1488","10",79998
"1489","10",79999
"1490","10",80000
"1491","10",80001
"1492","10",80002
"1493","10",80003
"1494","10",80004
"1495","10",80005
"1496","10",80006
"1497","10",80007
"1498","10",80008
"1499","10",80009
"1500","10",80010
"1501","10",80011
"1502","10",80012
"1503","10",80013
"1504","10",80014
"1505","10",80015
"1506","10",80016
"1507","10",80017
"1508","10",80018
"1509","10",80019
"1510","10",80020
"1511","10",80021
"1512","10",80022
"1513","10",80023
"1514","10",80024
"1515","10",80025
"1516","10",80026
"1517","10",80027
"1518","10",80028
"1519","10",80029
"1520","10",80030
"1521","10",80031
"1522","10",80032
"1523","10",80033
"1524","10",80034
"1525","10",80035
"1526","10",80036
"1527","10",80037
"1528","10",80038
"1529","10",80039
"1530","10",80040
"1531","10",80041
"1532","10",80042
"1533","10",80043
"1534","10",80044
"1535","10",80045
"1536","10",80046
"1537","10",80047
"1538","10",80048
"1539","10",80049
"1540","10",80050
"1541","10",80051
"1542","10",80052
"1543","10",80053
"1544","10",80054
"1545","10",80055
"1546","10",80056
"1547","10",80057
"1548","10",80058
"1549","10",80059
"1550","10",80060
"1551","10",80061
"1552","10",80062
"1553","10",80063
"1554","10",80064
"1555","10",80065
"1556","10",80066
"1557","10",80067
"1558","10",80068
"1559","10",80069
"1560","10",80070
"1561","10",80071
"1562","10",80072
"1563","10",80073
"1564","10",80074
"1565","10",80075
"1566","10",80076
"1567","10",80077
"1568","10",80078
"1569","10",80079
"1570","10",80080
"1571","10",80081
"1572","10",80082
"1573","10",80083
"1574","10",80084
"1575","10",80085
"1576","10",80086
"1577","10",80087
"1578","10",80088
"1579","10",80089
"1580","10",80090
"1581","10",80091
"1582","10",80092
"1583","10",80093
"1584","10",80094
"1585","10",80095
"1586","10",80096
"1587","10",80097
"1588","10",80098
"1589","10",80099
"1590","10",80100
"1591","10",80101
"1592","10",80102
"1593","10",80103
"1594","10",80104
"1595","10",80105
"1596","10",80106
"1597","10",80107
"1598","10",80108
"1599","10",80109
"1600","10",80110
"1601","10",80111
"1602","10",80112
"1603","10",80113
"1604","10",80114
"1605","10",80115
"1606","10",80116
"1607","10",80117
"1608","10",80118
"1609","10",80119
"1610","10",80120
"1611","10",80121
"1612","10",80122
"1613","10",80123
"1614","10",80124
"1615","10",80125
"1616","10",80126
"1617","10",80127
"1618","10",80128
"1619","10",80129
"1620","10",80130
"1621","10",80131
"1622","10",80132
"1623","10",80133
"1624","10",80134
"1625","10",80135
"1626","10",80136
"1627","10",80137
"1628","10",80138
"1629","10",80139
"1630","10",80140
"1631","10",80141
"1632","10",80142
"1633","10",80143
"1634","10",80144
"1635","10",80145
"1636","10",80146
"1637","10",80147
"1638","10",80148
"1639","10",80149
"1640","10",80150
"1641","10",80151
"1642","10",80152
"1643","10",80153
"1644","10",80154
"1645","10",80155
"1646","10",80156
"1647","10",80157
"1648","10",80158
"1649","10",80159
"1650","10",80160
"1651","10",80161
"1652","10",80162
"1653","10",80163
"1654","10",80164
"1655","10",80165
"1656","10",80166
"1657","10",80167
"1658","10",80168
"1659","10",80169
"1660","10",80170
"1661","10",80171
"1662","10",80176
"1663","10",80177
"1664","10",80178
"1665","10",80179
"1666","10",80180
"1667","10",80181
"1668","10",80182
"1669","10",80183
"1670","10",80184
"1671","10",80185
"1672","10",80186
"1673","10",80187
"1674","10",80188
"1675","10",80189
"1676","10",80190
"1677","10",80191
"1678","10",80192
"1679","10",80193
"1680","10",80194
"1681","10",80195
"1682","10",80196
"1683","10",80197
"1684","10",80198
"1685","10",80199
"1686","10",80200
"1687","10",80201
"1688","10",80202
"1689","10",80203
"1690","10",80204
"1691","10",80205
"1692","10",80206
"1693","10",80207
"1694","10",80208
"1695","10",80209
"1696","10",80210
"1697","10",80211
"1698","10",80212
"1699","10",80213
"1700","10",80214
"1701","10",80215
"1702","10",80216
"1703","10",80217
"1704","10",80218
"1705","10",80219
"1706","10",80220
"1707","10",80221
"1708","10",80222
"1709","10",80223
"1710","10",80224
"1711","10",80225
"1712","10",80226
"1713","10",80227
"1714","10",80228
"1715","10",80229
"1716","10",80230
"1717","10",80231
"1718","10",80232
"1719","10",80233
"1720","10",80234
"1721","10",80235
"1722","10",80236
"1723","10",80237
"1724","10",80238
"1725","10",80239
"1726","10",80240
"1727","10",80241
"1728","10",80242
"1729","10",80243
"1730","10",80244
"1731","10",80245
"1732","10",80246
"1733","10",80247
"1734","10",80248
"1735","10",80249
"1736","10",80250
"1737","10",80251
"1738","10",80252
"1739","10",80253
"1740","10",80254
"1741","10",80255
"1742","10",80256
"1743","10",80257
"1744","10",80258
"1745","10",80259
"1746","10",80260
"1747","10",80261
"1748","10",80262
"1749","10",80263
"1750","10",80264
"1751","10",80265
"1752","10",80266
"1753","10",80267
"1754","10",80268
"1755","10",80269
"1756","10",80270
"1757","10",80271
"1758","10",80272
"1759","10",80273
"1760","10",80274
"1761","10",80275
"1762","10",80276
"1763","10",80277
"1764","10",80278
"1765","10",80279
"1766","10",80280
"1767","10",80281
"1768","10",80282
"1769","10",80283
"1770","10",80284
"1771","10",80285
"1772","10",80286
"1773","10",80287
"1774","10",80288
"1775","10",80289
"1776","10",80290
"1777","10",80291
"1778","10",80292
"1779","10",80293
"1780","10",80294
"1781","10",80295
"1782","10",80296
"1783","10",80297
"1784","10",80298
"1785","10",80299
"1786","10",80300
"1787","10",80301
"1788","10",80302
"1789","10",80303
"1790","10",80304
"1791","10",80305
"1792","10",80306
"1793","10",80307
"1794","10",80308
"1795","10",80309
"1796","10",80310
"1797","10",80311
"1798","10",80312
"1799","10",80313
"1800","10",80314
"1801","10",80315
"1802","10",80316
"1803","10",80317
"1804","10",80318
"1805","10",80319
"1806","10",80320
"1807","10",80321
"1808","10",80322
"1809","10",80323
"1810","10",80324
"1811","10",80325
"1812","10",80326
"1813","10",80327
"1814","10",80328
"1815","10",80329
"1816","10",80330
"1817","10",80331
"1818","10",80332
"1819","10",80333
"1820","10",80334
"1821","10",80335
"1822","10",80336
"1823","10",80337
"1824","10",80338
"1825","10",80339
"1826","10",80340
"1827","10",80341
"1828","10",80342
"1829","10",80343
"1830","10",80344
"1831","10",80345
"1832","10",80347
"1833","10",80348
"1834","10",80349
"1835","10",80350
"1836","10",80351
"1837","10",80352
"1838","10",80353
"1839","10",80354
"1840","10",80355
"1841","10",80356
"1842","10",80357
"1843","10",80358
"1844","10",80359
"1845","10",80360
"1846","10",80361
"1847","10",80362
"1848","10",80363
"1849","10",80364
"1850","10",80365
"1851","10",80366
"1852","10",80367
"1853","10",80368
"1854","10",80369
"1855","10",80370
"1856","10",80371
"1857","10",80372
"1858","10",80373
"1859","10",80374
"1860","10",80375
"1861","10",80376
"1862","10",80377
"1863","10",80378
"1864","10",80379
"1865","10",80380
"1866","10",80381
"1867","10",80382
"1868","10",80383
"1869","10",80384
"1870","10",80385
"1871","10",80386
"1872","10",80387
"1873","10",80388
"1874","10",80389
"1875","10",80390
"1876","10",80391
"1877","10",80392
"1878","10",80393
"1879","10",80394
"1880","10",80395
"1881","10",80397
"1882","10",80398
"1883","10",80399
"1884","10",80400
"1885","10",80401
"1886","10",80402
"1887","10",80403
"1888","10",80404
"1889","10",80405
"1890","10",80406
"1891","10",80407
"1892","10",80408
"1893","10",80409
"1894","10",80410
"1895","10",80411
"1896","10",80412
"1897","10",80413
"1898","10",80414
"1899","10",80415
"1900","10",80416
"1901","10",80417
"1902","10",80418
"1903","10",80419
"1904","10",80420
"1905","10",80421
"1906","10",80422
"1907","10",80423
"1908","10",80424
"1909","10",80425
"1910","10",80426
"1911","10",80427
"1912","10",80428
"1913","10",80429
"1914","10",80430
"1915","10",80431
"1916","10",80432
"1917","10",80433
"1918","10",80434
"1919","10",80435
"1920","10",80436
"1921","10",80437
"1922","10",80438
"1923","10",80439
"1924","10",80440
"1925","10",80441
"1926","10",80442
"1927","10",80443
"1928","10",80444
"1929","10",80445
"1930","10",80446
"1931","10",80447
"1932","10",80448
"1933","10",80449
"1934","10",80450
"1935","10",80451
"1936","10",80452
"1937","10",80453
"1938","10",80454
"1939","10",80455
"1940","10",80456
"1941","10",80457
"1942","10",80458
"1943","10",80459
"1944","10",80460
"1945","10",80461
"1946","10",80462
"1947","10",80463
"1948","10",80464
"1949","10",80465
"1950","10",80466
"1951","10",80467
"1952","10",80468
"1953","10",80469
"1954","10",80470
"1955","10",80471
"1956","10",80472
"1957","10",80473
"1958","10",80474
"1959","10",80475
"1960","10",80476
"1961","10",80477
"1962","10",80478
"1963","10",80479
"1964","10",80480
"1965","10",80481
"1966","10",80482
"1967","10",80483
"1968","10",80484
"1969","10",80485
"1970","10",80486
"1971","10",80487
"1972","10",80488
"1973","10",80489
"1974","10",80490
"1975","10",80491
"1976","10",80492
"1977","10",80493
"1978","10",80494
"1979","10",80495
"1980","10",80496
"1981","10",80497
"1982","10",80498
"1983","10",80499
"1984","10",80500
"1985","10",80501
"1986","10",80502
"1987","10",80503
"1988","10",80504
"1989","10",80505
"1990","10",80506
"1991","10",80507
"1992","10",80508
"1993","10",80509
"1994","10",80510
"1995","10",80511
"1996","10",80512
"1997","10",80513
"1998","10",80514
"1999","10",80515
"2000","10",80516
"2001","10",80517
"2002","10",80518
"2003","10",80519
"2004","10",80520
"2005","10",80521
"2006","10",80522
"2007","10",80523
"2008","10",80524
"2009","10",80525
"2010","10",80526
"2011","10",80527
"2012","10",80528
"2013","10",80529
"2014","10",80530
"2015","10",80531
"2016","10",80532
"2017","10",80533
"2018","10",80534
"2019","10",80535
"2020","10",80536
"2021","10",80537
"2022","10",80538
"2023","10",80539
"2024","10",80540
"2025","10",80541
"2026","10",80542
"2027","10",80543
"2028","10",80544
"2029","10",80545
"2030","10",80546
"2031","10",80547
"2032","10",80548
"2033","10",80549
"2034","10",80550
"2035","10",80551
"2036","10",80552
"2037","10",80553
"2038","10",80554
"2039","10",80555
"2040","10",80556
"2041","10",80557
"2042","10",80558
"2043","10",80559
"2044","10",80560
"2045","10",80561
"2046","10",80562
"2047","10",80563
"2048","10",80564
"2049","10",80565
"2050","10",80566
"2051","10",80567
"2052","10",80568
"2053","10",80569
"2054","10",80570
"2055","10",80571
"2056","10",80572
"2057","10",80573
"2058","10",80574
"2059","10",80575
"2060","10",80576
"2061","10",80577
"2062","10",80578
"2063","10",80579
"2064","10",80580
"2065","10",80581
"2066","10",80582
"2067","10",80583
"2068","10",80584
"2069","10",80585
"2070","10",80586
"2071","10",80587
"2072","10",80588
"2073","10",80589
"2074","10",80590
"2075","10",80591
"2076","10",80592
"2077","10",80593
"2078","10",80594
"2079","10",80595
"2080","10",80596
"2081","10",80597
"2082","10",80598
"2083","10",80599
"2084","10",80600
"2085","10",80601
"2086","10",80602
"2087","10",80603
"2088","10",80604
"2089","10",80605
"2090","10",80606
"2091","10",80607
"2092","10",80608
"2093","10",80609
"2094","10",80610
"2095","10",80611
"2096","10",80612
"2097","10",80613
"2098","10",80614
"2099","10",80615
"2100","10",80616
"2101","10",80617
"2102","10",80618
"2103","10",80619
"2104","10",80620
"2105","10",80621
"2106","10",80622
"2107","10",80623
"2108","10",80624
"2109","10",80625
"2110","10",80626
"2111","10",80627
"2112","10",80628
"2113","10",80629
"2114","10",80630
"2115","10",80631
"2116","10",80632
"2117","10",80633
"2118","10",80634
"2119","10",80635
"2120","10",80636
"2121","10",80637
"2122","10",80638
"2123","10",80639
"2124","10",80640
"2125","10",80641
"2126","10",80642
"2127","10",80643
"2128","10",80644
"2129","10",80645
"2130","10",80646
"2131","10",80647
"2132","10",80648
"2133","10",80649
"2134","10",80650
"2135","10",80651
"2136","10",80652
"2137","10",80653
"2138","10",80654
"2139","10",80655
"2140","10",80656
"2141","10",80657
"2142","10",80658
"2143","10",80659
"2144","10",80660
"2145","10",80661
"2146","10",80662
"2147","10",80663
"2148","10",80664
"2149","10",80665
"2150","10",80666
"2151","10",80667
"2152","10",80668
"2153","10",80669
"2154","10",80670
"2155","10",80671
"2156","10",80672
"2157","10",80673
"2158","10",80674
"2159","10",80675
"2160","10",80676
"2161","10",80677
"2162","10",80678
"2163","10",80679
"2164","10",80680
"2165","10",80681
"2166","10",80682
"2167","10",80683
"2168","10",80684
"2169","10",80685
"2170","10",80686
"2171","10",80687
"2172","10",80688
"2173","10",80689
"2174","10",80690
"2175","10",80691
"2176","10",80692
"2177","10",80693
"2178","10",80694
"2179","10",80695
"2180","10",80696
"2181","10",80697
"2182","10",80698
"2183","10",80699
"2184","10",80700
"2185","10",80701
"2186","10",80702
"2187","10",80703
"2188","10",80704
"2189","10",80705
"2190","10",80706
"2191","10",80707
"2192","10",80708
"2193","10",80709
"2194","10",80710
"2195","10",80711
"2196","10",80712
"2197","10",80713
"2198","10",80714
"2199","10",80715
"2200","10",80716
"2201","10",80717
"2202","10",80718
"2203","10",80719
"2204","10",80720
"2205","10",80721
"2206","10",80722
"2207","10",80723
"2208","10",80724
"2209","10",80725
"2210","10",80726
"2211","10",80727
"2212","10",80728
"2213","10",80729
"2214","10",80730
"2215","10",80731
"2216","10",80732
"2217","10",80733
"2218","10",80734
"2219","10",80735
"2220","10",80736
"2221","10",80737
"2222","10",80738
"2223","10",80739
"2224","10",80740
"2225","10",80741
"2226","10",80742
"2227","10",80743
"2228","10",80744
"2229","10",80745
"2230","10",80746
"2231","10",80747
"2232","10",80748
"2233","10",80749
"2234","10",80750
"2235","10",80751
"2236","10",80752
"2237","10",80753
"2238","10",80754
"2239","10",80755
"2240","10",80756
"2241","10",80757
"2242","10",80758
"2243","10",80759
"2244","10",80760
"2245","10",80761
"2246","10",80762
"2247","10",80763
"2248","10",80764
"2249","10",80765
"2250","10",80766
"2251","10",80767
"2252","10",80768
"2253","10",80769
"2254","10",80770
"2255","10",80771
"2256","10",80772
"2257","10",80773
"2258","10",80774
"2259","10",80775
"2260","10",80776
"2261","10",80777
"2262","10",80778
"2263","10",80779
"2264","10",80780
"2265","10",80781
"2266","10",80782
"2267","10",80783
"2268","10",80784
"2269","10",80785
"2270","10",80786
"2271","10",80787
"2272","10",80788
"2273","10",80789
"2274","10",80790
"2275","10",80791
"2276","10",80792
"2277","10",80793
"2278","10",80794
"2279","10",80795
"2280","10",80796
"2281","10",80797
"2282","10",80798
"2283","10",80799
"2284","10",80800
"2285","10",80801
"2286","10",80802
"2287","10",80803
"2288","10",80804
"2289","10",80805
"2290","10",80806
"2291","10",80807
"2292","10",80808
"2293","10",80809
"2294","10",80810
"2295","10",80811
"2296","10",80812
"2297","10",80813
"2298","10",80814
"2299","10",80815
"2300","10",80816
"2301","10",80817
"2302","10",80818
"2303","10",80819
"2304","10",80820
"2305","10",80821
"2306","10",80822
"2307","10",80823
"2308","10",80824
"2309","10",80825
"2310","10",80826
"2311","10",80827
"2312","10",80828
"2313","10",80829
"2314","10",80830
"2315","10",80831
"2316","10",80832
"2317","10",80833
"2318","10",80834
"2319","10",80835
"2320","10",80836
"2321","10",80837
"2322","10",80838
"2323","10",80839
"2324","10",80840
"2325","10",80841
"2326","10",80842
"2327","10",80843
"2328","10",80844
"2329","10",80845
"2330","10",80846
"2331","10",80847
"2332","10",80848
"2333","10",80849
"2334","10",80850
"2335","10",80851
"2336","10",80852
"2337","10",80853
"2338","10",80854
"2339","10",80855
"2340","10",80856
"2341","10",80857
"2342","10",80858
"2343","10",80859
"2344","10",80860
"2345","10",80861
"2346","10",80862
"2347","10",80863
"2348","10",80864
"2349","10",80865
"2350","10",80866
"2351","10",80867
"2352","10",80868
"2353","10",80869
"2354","10",80870
"2355","10",80871
"2356","10",80872
"2357","10",80873
"2358","10",80874
"2359","10",80875
"2360","10",80876
"2361","10",80877
"2362","10",80878
"2363","10",80879
"2364","10",80880
"2365","10",80881
"2366","10",80882
"2367","10",80883
"2368","10",80884
"2369","10",80885
"2370","10",80886
"2371","10",80887
"2372","10",80888
"2373","10",80889
"2374","10",80890
"2375","10",80891
"2376","10",80892
"2377","10",80893
"2378","10",80894
"2379","10",80895
"2380","10",80896
"2381","10",80897
"2382","10",80898
"2383","10",80899
"2384","10",80900
"2385","10",80901
"2386","10",80902
"2387","10",80903
"2388","10",80904
"2389","10",80905
"2390","10",80906
"2391","10",80907
"2392","10",80908
"2393","10",80909
"2394","10",80910
"2395","10",80911
"2396","10",80912
"2397","10",80913
"2398","10",80914
"2399","10",80915
"2400","10",80916
"2401","10",80917
"2402","10",80918
"2403","10",80919
"2404","10",80920
"2405","10",80921
"2406","10",80922
"2407","10",80923
"2408","10",80924
"2409","10",80925
"2410","10",80926
"2411","10",80927
"2412","10",80928
"2413","10",80929
"2414","10",80930
"2415","10",80931
"2416","10",80932
"2417","10",80933
"2418","10",80934
"2419","10",80935
"2420","10",80936
"2421","10",80937
"2422","10",80938
"2423","10",80939
"2424","10",80940
"2425","10",80941
"2426","10",80942
"2427","10",80943
"2428","10",80944
"2429","10",80945
"2430","10",80946
"2431","10",80947
"2432","10",80948
"2433","10",80949
"2434","10",80950
"2435","10",80951
"2436","10",80952
"2437","10",80953
"2438","10",80954
"2439","10",80955
"2440","10",80956
"2441","10",80957
"2442","10",80958
"2443","10",80959
"2444","10",80960
"2445","10",80961
"2446","10",80962
"2447","10",80963
"2448","10",80964
"2449","10",80965
"2450","10",80966
"2451","10",80967
"2452","10",80968
"2453","10",80969
"2454","10",80970
"2455","10",80971
"2456","10",80972
"2457","10",80973
"2458","10",80974
"2459","10",80975
"2460","10",80976
"2461","10",80977
"2462","10",80978
"2463","10",80979
"2464","10",80980
"2465","10",80981
"2466","10",80982
"2467","10",80983
"2468","10",80984
"2469","10",80985
"2470","10",80986
"2471","10",80987
"2472","10",80988
"2473","10",80989
"2474","10",80990
"2475","10",80991
"2476","10",80992
"2477","10",80993
"2478","10",80994
"2479","10",80995
"2480","10",80996
"2481","10",80997
"2482","10",80998
"2483","10",80999
"2484","10",81000
"2485","10",81001
"2486","10",81002
"2487","10",81003
"2488","10",81004
"2489","10",81005
"2490","10",81006
"2491","10",81007
"2492","10",81008
"2493","10",81009
"2494","10",81010
"2495","10",81011
"2496","10",81012
"2497","10",81013
"2498","10",81014
"2499","10",81015
"2500","10",81016
"2501","10",81017
"2502","10",81018
"2503","10",81019
"2504","10",81020
"2505","10",81021
"2506","10",81022
"2507","10",81023
"2508","10",81024
"2509","10",81025
"2510","10",81026
"2511","10",81027
"2512","10",81028
"2513","10",81029
"2514","10",81030
"2515","10",81031
"2516","10",81032
"2517","10",81033
"2518","10",81034
"2519","10",81035
"2520","10",81036
"2521","10",81037
"2522","10",81038
"2523","10",81039
"2524","10",81040
"2525","10",81041
"2526","10",81042
"2527","10",81043
"2528","10",81044
"2529","10",81045
"2530","10",81046
"2531","10",81047
"2532","10",81048
"2533","10",81049
"2534","10",81050
"2535","10",81051
"2536","10",81052
"2537","10",81053
"2538","10",81054
"2539","10",81055
"2540","10",81056
"2541","10",81057
"2542","10",81058
"2543","10",81059
"2544","10",81060
"2545","10",81061
"2546","10",81062
"2547","10",81063
"2548","10",81064
"2549","10",81065
"2550","10",81066
"2551","10",81067
"2552","10",81068
"2553","10",81069
"2554","10",81070
"2555","10",81071
"2556","10",81072
"2557","10",81073
"2558","10",81074
"2559","10",81075
"2560","10",81076
"2561","10",81077
"2562","10",81078
"2563","10",81079
"2564","10",81080
"2565","10",81081
"2566","10",81082
"2567","10",81083
"2568","10",81084
"2569","10",81085
"2570","10",81086
"2571","10",81087
"2572","10",81088
"2573","10",81089
"2574","10",81090
"2575","10",81091
"2576","10",81092
"2577","10",81093
"2578","10",81094
"2579","10",81095
"2580","10",81096
"2581","10",81097
"2582","10",81098
"2583","10",81099
"2584","10",81100
"2585","10",81101
"2586","10",81102
"2587","10",81103
"2588","10",81104
"2589","10",81105
"2590","10",81106
"2591","10",81107
"2592","10",81108
"2593","10",81109
"2594","10",81110
"2595","10",81111
"2596","10",81112
"2597","10",81113
"2598","10",81114
"2599","10",81115
"2600","10",81116
"2601","10",81117
"2602","10",81118
"2603","10",81119
"2604","10",81120
"2605","10",81121
"2606","10",81122
"2607","10",81123
"2608","10",81124
"2609","10",81125
"2610","10",81126
"2611","10",81127
"2612","10",81128
"2613","10",81129
"2614","10",81130
"2615","10",81131
"2616","10",81132
"2617","10",81133
"2618","10",81134
"2619","10",81135
"2620","10",81136
"2621","10",81137
"2622","10",81138
"2623","10",81139
"2624","10",81140
"2625","10",81141
"2626","10",81142
"2627","10",81143
"2628","10",81144
"2629","10",81145
"2630","10",81146
"2631","10",81147
"2632","10",81148
"2633","10",81149
"2634","10",81150
"2635","10",81151
"2636","10",81152
"2637","10",81153
"2638","10",81154
"2639","10",81155
"2640","10",81156
"2641","10",81157
"2642","10",81158
"2643","10",81159
"2644","10",81160
"2645","10",81161
"2646","10",81162
"2647","10",81163
"2648","10",81164
"2649","10",81165
"2650","10",81166
"2651","10",81167
"2652","10",81168
"2653","10",81169
"2654","10",81170
"2655","10",81171
"2656","10",81172
"2657","10",81173
"2658","10",81174
"2659","10",81175
"2660","10",81176
"2661","10",81177
"2662","10",81178
"2663","10",81179
"2664","10",81180
"2665","10",81181
"2666","10",81182
"2667","10",81183
"2668","10",81184
"2669","10",81185
"2670","10",81186
"2671","10",81187
"2672","10",81188
"2673","10",81189
"2674","10",81190
"2675","10",81191
"2676","10",81192
"2677","10",81193
"2678","10",81194
"2679","10",81195
"2680","10",81196
"2681","10",81197
"2682","10",81198
"2683","10",81199
"2684","10",81200
"2685","10",81201
"2686","10",81202
"2687","10",81203
"2688","10",81204
"2689","10",81205
"2690","10",81206
"2691","10",81207
"2692","10",81208
"2693","10",81209
"2694","10",81210
"2695","10",81211
"2696","10",81212
"2697","10",81213
"2698","10",81214
"2699","10",81215
"2700","10",81216
"2701","10",81217
"2702","10",81218
"2703","10",81219
"2704","10",81220
"2705","10",81221
"2706","10",81222
"2707","10",81223
"2708","10",81224
"2709","10",81225
"2710","10",81226
"2711","10",81227
"2712","10",81228
"2713","10",81229
"2714","10",81230
"2715","10",81231
"2716","10",81232
"2717","10",81233
"2718","10",81234
"2719","10",81235
"2720","10",81236
"2721","10",81237
"2722","10",81238
"2723","10",81239
"2724","10",81240
"2725","10",81241
"2726","10",81242
"2727","10",81243
"2728","10",81244
"2729","10",81245
"2730","10",81246
"2731","10",81247
"2732","10",81248
"2733","10",81249
"2734","10",81250
"2735","10",81251
"2736","10",81252
"2737","10",81253
"2738","10",81254
"2739","10",81255
"2740","10",81256
"2741","10",81257
"2742","10",81258
"2743","10",81259
"2744","10",81260
"2745","10",81261
"2746","10",81262
"2747","10",81263
"2748","10",81264
"2749","10",81265
"2750","10",81266
"2751","10",81267
"2752","10",81268
"2753","10",81269
"2754","10",81270
"2755","10",81271
"2756","10",81272
"2757","10",81273
"2758","10",81274
"2759","10",81275
"2760","10",81276
"2761","10",81277
"2762","10",81278
"2763","10",81279
"2764","10",81280
"2765","10",81281
"2766","10",81282
"2767","10",81283
"2768","10",81284
"2769","10",81285
"2770","10",81286
"2771","10",81287
"2772","10",81288
"2773","10",81289
"2774","10",81290
"2775","10",81291
"2776","10",81292
"2777","10",81293
"2778","10",81294
"2779","10",81295
"2780","10",81296
"2781","10",81297
"2782","10",81298
"2783","10",81299
"2784","10",81300
"2785","10",81301
"2786","10",81302
"2787","10",81303
"2788","10",81304
"2789","10",81305
"2790","10",81306
"2791","10",81307
"2792","10",81308
"2793","10",81309
"2794","10",81310
"2795","10",81311
"2796","10",81312
"2797","10",81313
"2798","10",81314
"2799","10",81315
"2800","10",81316
"2801","10",81317
"2802","10",81318
"2803","10",81319
"2804","10",81320
"2805","10",81321
"2806","10",81322
"2807","10",81323
"2808","10",81324
"2809","10",81325
"2810","10",81326
"2811","10",81327
"2812","10",81328
"2813","10",81329
"2814","10",81330
"2815","10",81331
"2816","10",81332
"2817","10",81333
"2818","10",81334
"2819","10",81335
"2820","10",81336
"2821","10",81337
"2822","10",81338
"2823","10",81339
"2824","10",81340
"2825","10",81341
"2826","10",81342
"2827","10",81343
"2828","10",81344
"2829","10",81345
"2830","10",81346
"2831","10",81347
"2832","10",81348
"2833","10",81349
"2834","10",81350
"2835","10",81351
"2836","10",81352
"2837","10",81353
"2838","10",81354
"2839","10",81355
"2840","10",81356
"2841","10",81357
"2842","10",81358
"2843","10",81359
"2844","10",81360
"2845","10",81361
"2846","10",81362
"2847","10",81363
"2848","10",81364
"2849","10",81365
"2850","10",81366
"2851","10",81367
"2852","10",81368
"2853","10",81369
"2854","10",81370
"2855","10",81371
"2856","10",81372
"2857","10",81373
"2858","10",81374
"2859","10",81375
"2860","10",81376
"2861","10",81377
"2862","10",81378
"2863","10",81379
"2864","10",81380
"2865","10",81381
"2866","10",81382
"2867","10",81383
"2868","10",81384
"2869","10",81385
"2870","10",81386
"2871","10",81387
"2872","10",81388
"2873","10",81389
"2874","10",81390
"2875","10",81391
"2876","10",81392
"2877","10",81393
"2878","10",81394
"2879","10",81395
"2880","10",81396
"2881","10",81397
"2882","10",81398
"2883","10",81399
"2884","10",81400
"2885","10",81401
"2886","10",81402
"2887","10",81403
"2888","10",81404
"2889","10",81405
"2890","10",81406
"2891","10",81407
"2892","10",81408
"2893","10",81409
"2894","10",81410
"2895","10",81411
"2896","10",81412
"2897","10",81413
"2898","10",81414
"2899","10",81415
"2900","10",81416
"2901","10",81417
"2902","10",81418
"2903","10",81419
"2904","10",81420
"2905","10",81421
"2906","10",81422
"2907","10",81423
"2908","10",81424
"2909","10",81425
"2910","10",81426
"2911","10",81427
"2912","10",81428
"2913","10",81429
"2914","10",81430
"2915","10",81431
"2916","10",81432
"2917","10",81433
"2918","10",81434
"2919","10",81435
"2920","10",81436
"2921","10",81437
"2922","10",81438
"2923","10",81439
"2924","10",81440
"2925","10",81441
"2926","10",81442
"2927","10",81443
"2928","10",81444
"2929","10",81445
"2930","10",81446
"2931","10",81447
"2932","10",81448
"2933","10",81449
"2934","10",81450
"2935","10",81451
"2936","10",81452
"2937","10",81453
"2938","10",81454
"2939","10",81455
"2940","10",81456
"2941","10",81457
"2942","10",81458
"2943","10",81459
"2944","10",81460
"2945","10",81461
"2946","10",81462
"2947","10",81463
"2948","10",81464
"2949","10",81465
"2950","10",81466
"2951","10",81467
"2952","10",81468
"2953","10",81469
"2954","10",81470
"2955","10",81471
"2956","10",81472
"2957","10",81473
"2958","10",81474
"2959","10",81475
"2960","10",81476
"2961","10",81477
"2962","10",81478
"2963","10",81479
"2964","10",81480
"2965","10",81481
"2966","10",81482
"2967","10",81483
"2968","10",81484
"2969","10",81485
"2970","10",81486
"2971","10",81487
"2972","10",81488
"2973","10",81489
"2974","10",81490
"2975","10",81491
"2976","10",81492
"2977","10",81493
"2978","10",81494
"2979","10",81495
"2980","10",81496
"2981","10",81497
"2982","10",81498
"2983","10",81499
"2984","10",81500
"2985","10",81501
"2986","10",81502
"2987","10",81503
"2988","10",81504
"2989","10",81505
"2990","10",81506
"2991","10",81507
"2992","10",81508
"2993","10",81509
"2994","10",81510
"2995","10",81511
"2996","10",81512
"2997","10",81513
"2998","10",81514
"2999","10",81515
"3000","10",81516
"3001","10",81517
"3002","10",81518
"3003","10",81519
"3004","10",81520
"3005","10",81521
"3006","10",81522
"3007","10",81523
"3008","10",81524
"3009","10",81525
"3010","10",81526
"3011","10",81527
"3012","10",81528
"3013","10",81529
"3014","10",81530
"3015","10",81531
"3016","10",81532
"3017","10",81533
"3018","10",81534
"3019","10",81535
"3020","10",81536
"3021","10",81537
"3022","10",81538
"3023","10",81539
"3024","10",81540
"3025","10",81541
"3026","10",81542
"3027","10",81543
"3028","10",81544
"3029","10",81545
"3030","10",81546
"3031","10",81547
"3032","10",81548
"3033","10",81549
"3034","10",81550
"3035","10",81551
"3036","10",81552
"3037","10",81553
"3038","10",81554
"3039","10",81555
"3040","10",81556
"3041","10",81557
"3042","10",81558
"3043","10",81559
"3044","10",81560
"3045","10",81561
"3046","10",81562
"3047","10",81563
"3048","10",81564
"3049","10",81565
"3050","10",81566
"3051","10",81567
"3052","10",81568
"3053","10",81569
"3054","10",81570
"3055","10",81571
"3056","10",81572
"3057","10",81573
"3058","10",81574
"3059","10",81575
"3060","10",81576
"3061","10",81577
"3062","10",81578
"3063","10",81579
"3064","10",81580
"3065","10",81581
"3066","10",81582
"3067","10",81583
"3068","10",81584
"3069","10",81585
"3070","10",81586
"3071","10",81587
"3072","10",81588
"3073","10",81589
"3074","10",81590
"3075","10",81591
"3076","10",81592
"3077","10",81593
"3078","10",81594
"3079","10",81595
"3080","10",81596
"3081","10",81597
"3082","10",81598
"3083","10",81599
"3084","10",81600
"3085","10",81601
"3086","10",81602
"3087","10",81603
"3088","10",81604
"3089","10",81605
"3090","10",81606
"3091","10",81607
"3092","10",81608
"3093","10",81609
"3094","10",81610
"3095","10",81611
"3096","10",81612
"3097","10",81613
"3098","10",81614
"3099","10",81615
"3100","10",81616
"3101","10",81617
"3102","10",81618
"3103","10",81619
"3104","10",81620
"3105","10",81621
"3106","10",81622
"3107","10",81623
"3108","10",81624
"3109","10",81625
"3110","10",81626
"3111","10",81627
"3112","10",81628
"3113","10",81629
"3114","10",81630
"3115","10",81631
"3116","10",81632
"3117","10",81633
"3118","10",81634
"3119","10",81635
"3120","10",81636
"3121","10",81637
"3122","10",81638
"3123","10",81639
"3124","10",81640
"3125","10",81641
"3126","10",81642
"3127","10",81643
"3128","10",81644
"3129","10",81645
"3130","10",81646
"3131","10",81647
"3132","10",81648
"3133","10",81649
"3134","10",81650
"3135","10",81651
"3136","10",81652
"3137","10",81653
"3138","10",81654
"3139","10",81655
"3140","10",81656
"3141","10",81657
"3142","10",81658
"3143","10",81659
"3144","10",81660
"3145","10",81661
"3146","10",81662
"3147","10",81663
"3148","10",81664
"3149","10",81665
"3150","10",81666
"3151","10",81667
"3152","10",81668
"3153","10",81669
"3154","10",81670
"3155","10",81671
"3156","10",81672
"3157","10",81673
"3158","10",81674
"3159","10",81675
"3160","10",81676
"3161","10",81677
"3162","10",81678
"3163","10",81679
"3164","10",81680
"3165","10",81681
"3166","10",81682
"3167","10",81683
"3168","10",81684
"3169","10",81685
"3170","10",81686
"3171","10",81687
"3172","10",81688
"3173","10",81689
"3174","10",81690
"3175","10",81691
"3176","10",81692
"3177","10",81693
"3178","10",81694
"3179","10",81695
"3180","10",81696
"3181","10",81697
"3182","10",81698
"3183","10",81699
"3184","10",81700
"3185","10",81701
"3186","10",81702
"3187","10",81703
"3188","10",81704
"3189","10",81705
